,Name,Team,Position,Height,Weight,Age
0,Adam_Donachie,BAL,Catcher,74,180.0,22.99
1,Paul_Bako,BAL,Catcher,74,215.0,34.69
2,Ramon_Hernandez,BAL,Catcher,72,210.0,30.78
3,Kevin_Millar,BAL,First_Baseman,72,210.0,35.43
4,Chris_Gomez,BAL,First_Baseman,73,188.0,35.71
5,Brian_Roberts,BAL,Second_Baseman,69,176.0,29.39
6,Miguel_Tejada,BAL,Shortstop,69,209.0,30.77
7,Melvin_Mora,BAL,Third_Baseman,71,200.0,35.07
8,Aubrey_Huff,BAL,Third_Baseman,76,231.0,30.19
9,Adam_Stern,BAL,Outfielder,71,180.0,27.05
10,Jeff_Fiorentino,BAL,Outfielder,73,188.0,23.88
11,Freddie_Bynum,BAL,Outfielder,73,180.0,26.96
12,Nick_Markakis,BAL,Outfielder,74,185.0,23.29
13,Brandon_Fahey,BAL,Outfielder,74,160.0,26.11
14,Corey_Patterson,BAL,Outfielder,69,180.0,27.55
15,Jay_Payton,BAL,Outfielder,70,185.0,34.27
16,Jay_Gibbons,BAL,Designated_Hitter,72,197.0,30.0
17,Erik_Bedard,BAL,Starting_Pitcher,73,189.0,27.99
18,Hayden_Penn,BAL,Starting_Pitcher,75,185.0,22.38
19,Adam_Loewen,BAL,Starting_Pitcher,78,219.0,22.89
20,Daniel_Cabrera,BAL,Starting_Pitcher,79,230.0,25.76
21,Steve_Trachsel,BAL,Starting_Pitcher,76,205.0,36.33
22,Jaret_Wright,BAL,Starting_Pitcher,74,230.0,31.17
23,Kris_Benson,BAL,Starting_Pitcher,76,195.0,32.31
24,Scott_Williamson,BAL,Relief_Pitcher,72,180.0,31.03
25,John_Parrish,BAL,Relief_Pitcher,71,192.0,29.26
26,Danys_Baez,BAL,Relief_Pitcher,75,225.0,29.47
27,Chad_Bradford,BAL,Relief_Pitcher,77,203.0,32.46
28,Jamie_Walker,BAL,Relief_Pitcher,74,195.0,35.67
29,Brian_Burres,BAL,Relief_Pitcher,73,182.0,25.89
30,Kurt_Birkins,BAL,Relief_Pitcher,74,188.0,26.55
31,James_Hoey,BAL,Relief_Pitcher,78,200.0,24.17
32,Sendy_Rleal,BAL,Relief_Pitcher,73,180.0,26.69
33,Chris_Ray,BAL,Relief_Pitcher,75,200.0,25.13
34,Jeremy_Guthrie,BAL,Relief_Pitcher,73,200.0,27.9
35,A.J._Pierzynski,CWS,Catcher,75,245.0,30.17
36,Toby_Hall,CWS,Catcher,75,240.0,31.36
37,Paul_Konerko,CWS,First_Baseman,74,215.0,30.99
38,Tadahito_Iguchi,CWS,Second_Baseman,69,185.0,32.24
39,Juan_Uribe,CWS,Shortstop,71,175.0,27.61
40,Alex_Cintron,CWS,Shortstop,74,199.0,28.2
41,Joe_Crede,CWS,Third_Baseman,73,200.0,28.85
42,Josh_Fields,CWS,Third_Baseman,73,215.0,24.21
43,Ryan_Sweeney,CWS,Outfielder,76,200.0,22.02
44,Brian_N._Anderson,CWS,Outfielder,74,205.0,24.97
45,Luis_Terrero,CWS,Outfielder,74,206.0,26.78
46,Pablo_Ozuna,CWS,Outfielder,70,186.0,32.51
47,Scott_Podsednik,CWS,Outfielder,72,188.0,30.95
48,Jermaine_Dye,CWS,Outfielder,77,220.0,33.09
49,Darin_Erstad,CWS,Outfielder,74,210.0,32.74
50,Rob_Mackowiak,CWS,Outfielder,70,195.0,30.69
51,Jim_Thome,CWS,Designated_Hitter,76,244.0,36.51
52,Jerry_Owens,CWS,Designated_Hitter,75,195.0,26.03
53,Charlie_Haeger,CWS,Starting_Pitcher,73,200.0,23.45
54,Heath_Phillips,CWS,Starting_Pitcher,75,200.0,24.94
55,Gavin_Floyd,CWS,Starting_Pitcher,76,212.0,24.09
56,Jose_Contreras,CWS,Starting_Pitcher,76,224.0,35.23
57,Jon_Garland,CWS,Starting_Pitcher,78,210.0,27.43
58,Javier_Vazquez,CWS,Starting_Pitcher,74,205.0,30.6
59,Mark_Buehrle,CWS,Starting_Pitcher,74,220.0,27.94
60,Mike_MacDougal,CWS,Relief_Pitcher,76,195.0,29.99
61,David_Aardsma,CWS,Relief_Pitcher,77,200.0,25.17
62,Andrew_Sisco,CWS,Relief_Pitcher,81,260.0,24.13
63,Matt_Thornton,CWS,Relief_Pitcher,78,228.0,30.46
64,Bobby_Jenks,CWS,Relief_Pitcher,75,270.0,25.96
65,Boone_Logan,CWS,Relief_Pitcher,77,200.0,22.55
66,Sean_Tracey,CWS,Relief_Pitcher,75,210.0,26.29
67,Nick_Masset,CWS,Relief_Pitcher,76,190.0,24.79
68,Jose_Molina,ANA,Catcher,74,220.0,31.74
69,Jeff_Mathis,ANA,Catcher,72,180.0,23.92
70,Mike_Napoli,ANA,Catcher,72,205.0,25.33
71,Casey_Kotchman,ANA,First_Baseman,75,210.0,24.02
72,Kendry_Morales,ANA,First_Baseman,73,220.0,23.7
73,Shea_Hillenbrand,ANA,First_Baseman,73,211.0,31.59
74,Robb_Quinlan,ANA,First_Baseman,73,200.0,29.95
75,Howie_Kendrick,ANA,First_Baseman,70,180.0,23.64
76,Orlando_Cabrera,ANA,Shortstop,70,190.0,32.33
77,Erick_Aybar,ANA,Shortstop,70,170.0,23.13
78,Dallas_McPherson,ANA,Third_Baseman,76,230.0,26.6
79,Maicer_Izturis,ANA,Third_Baseman,68,155.0,26.46
80,Reggie_Willits,ANA,Outfielder,71,185.0,25.75
81,Tommy_Murphy,ANA,Outfielder,72,185.0,27.51
82,Terry_Evans,ANA,Outfielder,75,200.0,25.11
83,Gary_Matthews_Jr.,ANA,Outfielder,75,225.0,32.51
84,Garret_Anderson,ANA,Outfielder,75,225.0,34.67
85,Vladimir_Guerrero,ANA,Outfielder,75,220.0,31.06
86,Chone_Figgins,ANA,Outfielder,68,160.0,29.1
87,Juan_Rivera,ANA,Outfielder,74,205.0,28.66
88,John_Lackey,ANA,Starting_Pitcher,78,235.0,28.35
89,Bartolo_Colon,ANA,Starting_Pitcher,71,250.0,33.77
90,Kelvim_Escobar,ANA,Starting_Pitcher,73,210.0,30.89
91,Dustin_Moseley,ANA,Starting_Pitcher,76,190.0,37.74
92,Ervin_Santana,ANA,Starting_Pitcher,74,160.0,24.14
93,Joe_Saunders,ANA,Starting_Pitcher,74,200.0,25.71
94,Jered_Weaver,ANA,Starting_Pitcher,79,205.0,24.41
95,Chris_Resop,ANA,Relief_Pitcher,75,222.0,24.32
96,Phil_Seibel,ANA,Relief_Pitcher,73,195.0,28.09
97,Justin_Speier,ANA,Relief_Pitcher,76,205.0,33.31
98,Darren_Oliver,ANA,Relief_Pitcher,74,220.0,36.4
99,Hector_Carrasco,ANA,Relief_Pitcher,74,220.0,37.36
100,Scot_Shields,ANA,Relief_Pitcher,73,170.0,31.61
101,Francisco_Rodriguez,ANA,Relief_Pitcher,72,185.0,25.14
102,Greg_Jones,ANA,Relief_Pitcher,74,195.0,30.29
103,Doug_Mirabelli,BOS,Catcher,73,220.0,36.37
104,Jason_Varitek,BOS,Catcher,74,230.0,34.89
105,George_Kottaras,BOS,Catcher,72,180.0,23.79
106,Kevin_Youkilis,BOS,First_Baseman,73,220.0,27.96
107,Dustin_Pedroia,BOS,Second_Baseman,69,180.0,23.54
108,Alex_Cora,BOS,Shortstop,72,180.0,31.37
109,Julio_Lugo,BOS,Shortstop,73,170.0,31.29
110,Mike_Lowell,BOS,Third_Baseman,75,210.0,33.01
111,Wily_Mo_Pe?a,BOS,Outfielder,75,215.0,25.1
112,J.D._Drew,BOS,Outfielder,73,200.0,31.28
113,Manny_Ramirez,BOS,Outfielder,72,213.0,34.75
114,Brandon_Moss,BOS,Outfielder,72,180.0,23.46
115,David_Murphy,BOS,Outfielder,76,192.0,25.37
116,Eric_Hinske,BOS,Outfielder,74,235.0,29.57
117,Coco_Crisp,BOS,Outfielder,72,185.0,27.33
118,David_Ortiz,BOS,Designated_Hitter,76,230.0,31.28
119,Curt_Schilling,BOS,Starting_Pitcher,77,235.0,40.29
120,Tim_Wakefield,BOS,Starting_Pitcher,74,210.0,40.58
121,Josh_Beckett,BOS,Starting_Pitcher,77,222.0,26.79
122,Matt_Clement,BOS,Starting_Pitcher,75,210.0,32.55
123,Jonathan_Papelbon,BOS,Starting_Pitcher,76,230.0,26.27
124,Kyle_Snyder,BOS,Starting_Pitcher,80,220.0,29.47
125,Devern_Hansack,BOS,Starting_Pitcher,74,180.0,29.07
126,Jon_Lester,BOS,Starting_Pitcher,74,190.0,23.15
127,Kason_Gabbard,BOS,Starting_Pitcher,75,200.0,24.9
128,Craig_Hansen,BOS,Relief_Pitcher,78,210.0,23.29
129,Hideki_Okajima,BOS,Relief_Pitcher,73,194.0,31.18
130,Craig_Breslow,BOS,Relief_Pitcher,73,180.0,26.56
131,Manny_Delcarmen,BOS,Relief_Pitcher,74,190.0,25.03
132,Brendan_Donnelly,BOS,Relief_Pitcher,75,240.0,35.66
133,Javier_Lopez,BOS,Relief_Pitcher,76,200.0,29.64
134,J.C._Romero,BOS,Relief_Pitcher,71,198.0,30.74
135,Joel_Pineiro,BOS,Relief_Pitcher,73,200.0,28.43
136,Julian_Tavarez,BOS,Relief_Pitcher,74,195.0,33.77
137,Mike_Timlin,BOS,Relief_Pitcher,76,210.0,40.97
138,Nick_DeBarr,BOS,Relief_Pitcher,76,220.0,23.52
139,Victor_Martinez,CLE,Catcher,74,190.0,28.19
140,Kelly_Shoppach,CLE,Catcher,73,210.0,26.84
141,Ryan_Garko,CLE,First_Baseman,74,225.0,26.16
142,Joe_Inglett,CLE,Second_Baseman,70,180.0,28.67
143,Josh_Barfield,CLE,Second_Baseman,72,185.0,24.2
144,Hector_Luna,CLE,Second_Baseman,73,170.0,27.08
145,Jhonny_Peralta,CLE,Shortstop,73,185.0,24.76
146,Andy_Marte,CLE,Third_Baseman,73,185.0,23.36
147,Ben_Francisco,CLE,Outfielder,73,180.0,25.35
148,Shin-Soo_Choo,CLE,Outfielder,71,178.0,24.63
149,Franklin_Gutierrez,CLE,Outfielder,74,175.0,24.02
150,Grady_Sizemore,CLE,Outfielder,74,200.0,24.58
151,Jason_Michaels,CLE,Outfielder,72,204.0,30.82
152,Trot_Nixon,CLE,Outfielder,74,211.0,32.89
153,David_Dellucci,CLE,Outfielder,71,190.0,33.33
154,Casey_Blake,CLE,Outfielder,74,210.0,33.52
155,Travis_Hafner,CLE,Designated_Hitter,75,240.0,29.74
156,Paul_Byrd,CLE,Starting_Pitcher,73,190.0,36.24
157,Cliff_Lee,CLE,Starting_Pitcher,75,190.0,28.5
158,Jake_Westbrook,CLE,Starting_Pitcher,75,185.0,29.42
159,C.C._Sabathia,CLE,Starting_Pitcher,79,290.0,26.61
160,Jeremy_Sowers,CLE,Starting_Pitcher,73,175.0,23.79
161,Rafael_Perez,CLE,Relief_Pitcher,75,185.0,24.96
162,Brian_Slocum,CLE,Relief_Pitcher,76,200.0,25.93
163,Edward_Mujica,CLE,Relief_Pitcher,74,220.0,22.81
164,Fernando_Cabrera,CLE,Relief_Pitcher,76,170.0,25.29
165,Tom_Mastny,CLE,Relief_Pitcher,78,220.0,26.07
166,Juan_Lara,CLE,Relief_Pitcher,74,190.0,26.09
167,Fausto_Carmona,CLE,Relief_Pitcher,76,220.0,23.23
168,Aaron_Fultz,CLE,Relief_Pitcher,72,205.0,33.49
169,Rafael_Betancourt,CLE,Relief_Pitcher,74,200.0,31.84
170,Roberto_Hernandez,CLE,Relief_Pitcher,76,250.0,42.3
171,Joe_Borowski,CLE,Relief_Pitcher,74,225.0,35.82
172,Matt_Miller,CLE,Relief_Pitcher,75,215.0,35.27
173,Jason_Davis,CLE,Relief_Pitcher,78,210.0,26.81
174,Mike_Piazza,OAK,Catcher,75,215.0,38.49
175,Jason_Kendall,OAK,Catcher,72,195.0,32.68
176,Adam_Melhuse,OAK,Catcher,74,200.0,34.93
177,Nick_Swisher,OAK,First_Baseman,72,194.0,26.26
178,Dan_Johnson,OAK,First_Baseman,74,220.0,27.56
179,Donald_Murphy,OAK,Second_Baseman,70,180.0,23.98
180,Mark_Ellis,OAK,Second_Baseman,71,180.0,29.73
181,Marco_Scutaro,OAK,Shortstop,70,170.0,31.33
182,Bobby_Crosby,OAK,Shortstop,75,195.0,27.13
183,Mark_Kiger,OAK,Shortstop,71,180.0,26.75
184,Antonio_Perez,OAK,Third_Baseman,71,170.0,27.09
185,Eric_Chavez,OAK,Third_Baseman,73,206.0,29.23
186,Milton_Bradley,OAK,Outfielder,72,205.0,28.88
187,Shannon_Stewart,OAK,Outfielder,71,200.0,33.01
188,Bobby_Kielty,OAK,Outfielder,73,225.0,30.57
189,Mark_Kotsay,OAK,Outfielder,72,201.0,31.24
190,Ryan_Goleski,OAK,Outfielder,75,225.0,24.95
191,Jeremy_Brown,OAK,Designated_Hitter,70,226.0,27.35
192,Jason_Windsor,OAK,Starting_Pitcher,74,233.0,24.62
193,David_Shafer,OAK,Starting_Pitcher,74,180.0,24.98
194,Joe_Blanton,OAK,Starting_Pitcher,75,225.0,26.22
195,Brad_Halsey,OAK,Starting_Pitcher,73,180.0,26.04
196,Dan_Haren,OAK,Starting_Pitcher,77,220.0,26.45
197,Rich_Harden,OAK,Starting_Pitcher,73,180.0,25.25
198,Joe_Kennedy,OAK,Starting_Pitcher,76,237.0,27.77
199,Esteban_Loaiza,OAK,Starting_Pitcher,75,215.0,35.16
200,Alan_Embree,OAK,Relief_Pitcher,74,190.0,37.1
201,Jay_Witasick,OAK,Relief_Pitcher,76,235.0,34.51
202,Justin_Duchscherer,OAK,Relief_Pitcher,75,190.0,29.28
203,Kiko_Calero,OAK,Relief_Pitcher,73,180.0,32.14
204,Chad_Gaudin,OAK,Relief_Pitcher,71,165.0,23.94
205,Lenny_DiNardo,OAK,Relief_Pitcher,76,195.0,27.45
206,Scott_Dunn,OAK,Relief_Pitcher,75,200.0,28.77
207,Huston_Street,OAK,Relief_Pitcher,72,190.0,23.58
208,Ron_Flores,OAK,Relief_Pitcher,71,190.0,27.56
209,Jay_Marshall,OAK,Relief_Pitcher,77,185.0,24.01
210,Marcus_McBeth,OAK,Relief_Pitcher,73,185.0,26.52
211,Jorge_Posada,NYY,Catcher,74,205.0,35.54
212,Wil_Nieves,NYY,Catcher,71,190.0,29.43
213,Andy_Phillips,NYY,First_Baseman,72,205.0,29.9
214,Doug_Mientkiewicz,NYY,First_Baseman,74,206.0,32.7
215,Josh_Phelps,NYY,First_Baseman,75,220.0,28.8
216,Miguel_Cairo,NYY,Second_Baseman,73,208.0,32.82
217,Robinson_Cano,NYY,Second_Baseman,72,170.0,24.36
218,Derek_Jeter,NYY,Shortstop,75,195.0,32.68
219,Alex_Rodriguez,NYY,Third_Baseman,75,210.0,31.59
220,Johnny_Damon,NYY,Outfielder,74,190.0,33.32
221,Bobby_Abreu,NYY,Outfielder,72,211.0,32.97
222,Hideki_Matsui,NYY,Outfielder,74,230.0,32.72
223,Melky_Cabrera,NYY,Outfielder,71,170.0,22.55
224,Kevin_Thompson,NYY,Outfielder,70,185.0,27.45
225,Jason_Giambi,NYY,Designated_Hitter,75,230.0,36.14
226,Mike_Mussina,NYY,Starting_Pitcher,74,185.0,38.23
227,Carl_Pavano,NYY,Starting_Pitcher,77,241.0,31.14
228,Andy_Pettitte,NYY,Starting_Pitcher,77,225.0,34.71
229,Darrell_Rasner,NYY,Starting_Pitcher,75,210.0,26.13
230,Jeff_Karstens,NYY,Starting_Pitcher,75,175.0,24.43
231,Humberto_Sanchez,NYY,Starting_Pitcher,78,230.0,23.76
232,Chien-Ming_Wang,NYY,Starting_Pitcher,75,200.0,26.92
233,Sean_Henn,NYY,Relief_Pitcher,76,215.0,25.85
234,Scott_Proctor,NYY,Relief_Pitcher,73,198.0,30.16
235,Brian_Bruney,NYY,Relief_Pitcher,75,226.0,25.03
236,Chris_Britton,NYY,Relief_Pitcher,75,278.0,24.21
237,T.J._Beam,NYY,Relief_Pitcher,79,215.0,26.51
238,Jose_Veras,NYY,Relief_Pitcher,77,230.0,26.36
239,Kyle_Farnsworth,NYY,Relief_Pitcher,76,240.0,30.88
240,Luis_Vizcaino,NYY,Relief_Pitcher,71,184.0,32.57
241,Mike_Myers,NYY,Relief_Pitcher,75,219.0,37.68
242,Mariano_Rivera,NYY,Relief_Pitcher,74,170.0,37.25
243,Ivan_Rodriguez,DET,Catcher,69,218.0,35.25
244,Vance_Wilson,DET,Catcher,71,190.0,33.95
245,Sean_Casey,DET,First_Baseman,76,225.0,32.66
246,Chris_Shelton,DET,First_Baseman,72,220.0,26.68
247,Omar_Infante,DET,Second_Baseman,72,176.0,25.18
248,Placido_Polanco,DET,Second_Baseman,70,190.0,31.39
249,Neifi_Perez,DET,Second_Baseman,72,197.0,33.74
250,Carlos_Guillen,DET,Shortstop,73,204.0,31.42
251,Ramon_Santiago,DET,Shortstop,71,167.0,27.5
252,Tony_Giarratano,DET,Shortstop,72,180.0,24.25
253,Brandon_Inge,DET,Third_Baseman,71,195.0,29.78
254,Craig_Monroe,DET,Outfielder,73,220.0,30.0
255,Magglio_Ordo?ez,DET,Outfielder,72,215.0,33.09
256,Curtis_Granderson,DET,Outfielder,73,185.0,25.96
257,Brent_Clevlen,DET,Outfielder,74,190.0,23.34
258,Marcus_Thames,DET,Outfielder,74,205.0,29.98
259,Gary_Sheffield,DET,Outfielder,72,205.0,38.28
260,Mike_Rabelo,DET,Designated_Hitter,73,200.0,27.12
261,Zach_Miner,DET,Starting_Pitcher,75,200.0,24.97
262,Jeremy_Bonderman,DET,Starting_Pitcher,74,210.0,24.34
263,Nate_Robertson,DET,Starting_Pitcher,74,215.0,29.49
264,Justin_Verlander,DET,Starting_Pitcher,77,200.0,24.02
265,Virgil_Vasquez,DET,Starting_Pitcher,75,205.0,24.73
266,Kenny_Rogers,DET,Starting_Pitcher,73,211.0,42.3
267,Mike_Maroth,DET,Starting_Pitcher,72,190.0,29.54
268,Fernando_Rodney,DET,Relief_Pitcher,71,208.0,29.95
269,Chad_Durbin,DET,Relief_Pitcher,74,200.0,29.24
270,Jason_Grilli,DET,Relief_Pitcher,77,210.0,30.3
271,Jose_Mesa,DET,Relief_Pitcher,75,232.0,40.77
272,Todd_Jones,DET,Relief_Pitcher,75,230.0,38.85
273,Joel_Zumaya,DET,Relief_Pitcher,75,210.0,22.31
274,Jordan_Tata,DET,Relief_Pitcher,78,220.0,25.44
275,Andrew_Miller,DET,Relief_Pitcher,78,210.0,21.78
276,Yorman_Bazardo,DET,Relief_Pitcher,74,202.0,22.64
277,Wilfredo_Ledezma,DET,Relief_Pitcher,76,212.0,26.11
278,Roman_Colon,DET,Relief_Pitcher,78,225.0,27.55
279,Edward_Campusano,DET,Relief_Pitcher,76,170.0,24.63
280,Rene_Rivera,SEA,Catcher,70,190.0,23.58
281,Kenji_Johjima,SEA,Catcher,72,200.0,30.73
282,Richie_Sexson,SEA,First_Baseman,80,237.0,32.17
283,Ben_Broussard,SEA,First_Baseman,74,220.0,30.43
284,Jose_Lopez,SEA,Second_Baseman,74,170.0,23.27
285,Jose_Vidro,SEA,Second_Baseman,71,193.0,32.51
286,Yuniesky_Betancourt,SEA,Shortstop,70,190.0,25.08
287,Oswaldo_Navarro,SEA,Shortstop,72,150.0,22.41
288,Adrian_Beltre,SEA,Third_Baseman,71,220.0,27.9
289,Raul_Ibanez,SEA,Outfielder,74,200.0,34.74
290,Jose_Guillen,SEA,Outfielder,71,190.0,30.79
291,Jeremy_Reed,SEA,Outfielder,72,185.0,25.71
292,Willie_Bloomquist,SEA,Outfielder,71,185.0,29.26
293,Adam_Jones,SEA,Outfielder,74,200.0,21.58
294,Ichiro_Suzuki,SEA,Outfielder,69,172.0,33.36
295,Mike_Morse,SEA,Outfielder,76,220.0,24.94
296,Felix_Hernandez,SEA,Starting_Pitcher,75,225.0,20.9
297,Ryan_Feierabend,SEA,Starting_Pitcher,75,190.0,21.52
298,Sean_White,SEA,Starting_Pitcher,76,195.0,25.85
299,Horacio_Ramirez,SEA,Starting_Pitcher,73,219.0,27.27
300,Cha_Baek,SEA,Starting_Pitcher,76,190.0,26.75
301,Miguel_Batista,SEA,Starting_Pitcher,73,197.0,36.03
302,Jeff_Weaver,SEA,Starting_Pitcher,77,200.0,30.52
303,Jarrod_Washburn,SEA,Starting_Pitcher,73,195.0,32.55
304,George_Sherrill,SEA,Relief_Pitcher,72,210.0,29.86
305,Julio_Mateo,SEA,Relief_Pitcher,72,177.0,29.58
306,J.J._Putz,SEA,Relief_Pitcher,77,220.0,30.02
307,Chris_Reitsma,SEA,Relief_Pitcher,77,235.0,29.16
308,Cesar_Jimenez,SEA,Relief_Pitcher,71,180.0,22.3
309,Eric_O'Flaherty,SEA,Relief_Pitcher,74,195.0,22.06
310,Jon_Huber,SEA,Relief_Pitcher,74,195.0,25.65
311,Jake_Woods,SEA,Relief_Pitcher,73,190.0,25.49
312,Sean_Green,SEA,Relief_Pitcher,78,230.0,27.86
313,Mark_Lowe,SEA,Relief_Pitcher,75,190.0,23.73
314,Josh_Paul,TB,Catcher,73,200.0,31.78
315,Dioner_Navarro,TB,Catcher,70,190.0,23.06
316,Shawn_Riggans,TB,Catcher,74,190.0,26.6
317,Ty_Wigginton,TB,First_Baseman,72,200.0,29.39
318,Brendan_Harris,TB,Second_Baseman,73,200.0,26.51
319,Jorge_Cantu,TB,Second_Baseman,73,184.0,25.08
320,Ben_Zobrist,TB,Shortstop,75,200.0,25.76
321,B.J._Upton,TB,Third_Baseman,75,180.0,22.52
322,Carl_Crawford,TB,Outfielder,74,219.0,25.57
323,Rocco_Baldelli,TB,Outfielder,76,187.0,25.43
324,Greg_Norton,TB,Outfielder,73,200.0,34.65
325,Elijah_Dukes,TB,Outfielder,74,220.0,22.68
326,Delmon_Young,TB,Outfielder,75,205.0,21.46
327,Jonny_Gomes,TB,Designated_Hitter,73,205.0,26.27
328,Edwin_Jackson,TB,Starting_Pitcher,75,190.0,23.47
329,Scott_Kazmir,TB,Starting_Pitcher,72,170.0,23.1
330,Casey_Fossum,TB,Starting_Pitcher,73,160.0,29.14
331,Jae_Seo,TB,Starting_Pitcher,73,215.0,29.77
332,J.P._Howell,TB,Starting_Pitcher,72,175.0,23.85
333,Tim_Corcoran,TB,Starting_Pitcher,74,205.0,28.88
334,Jason_Hammel,TB,Starting_Pitcher,78,200.0,24.49
335,James_Shields,TB,Starting_Pitcher,76,214.0,25.19
336,Brian_Stokes,TB,Starting_Pitcher,73,200.0,27.48
337,Juan_Salas,TB,Relief_Pitcher,74,190.0,28.31
338,Jeff_Ridgway,TB,Relief_Pitcher,75,180.0,26.54
339,Ruddy_Lugo,TB,Relief_Pitcher,70,205.0,26.77
340,Jae-Kuk_Ryu,TB,Relief_Pitcher,75,220.0,23.75
341,Chad_Orvella,TB,Relief_Pitcher,71,190.0,26.41
342,Dan_Miceli,TB,Relief_Pitcher,72,215.0,36.47
343,Seth_McClung,TB,Relief_Pitcher,78,235.0,26.06
344,Jon_Switzer,TB,Relief_Pitcher,75,191.0,27.55
345,Shawn_Camp,TB,Relief_Pitcher,73,200.0,31.28
346,Scott_Dohmann,TB,Relief_Pitcher,73,181.0,29.04
347,Jason_LaRue,KC,Catcher,71,200.0,32.95
348,John_Buck,KC,Catcher,75,210.0,26.65
349,Ryan_Shealy,KC,First_Baseman,77,240.0,27.5
350,Ross_Gload,KC,First_Baseman,72,185.0,30.9
351,Esteban_German,KC,Second_Baseman,69,165.0,29.09
352,Mark_Grudzielanek,KC,Second_Baseman,73,190.0,36.67
353,Angel_Sanchez,KC,Second_Baseman,74,185.0,23.44
354,Angel_Berroa,KC,Shortstop,72,175.0,29.09
355,Andres_Blanco,KC,Shortstop,70,155.0,22.89
356,Mark_Teahen,KC,Third_Baseman,75,210.0,25.48
357,Joey_Gathright,KC,Outfielder,70,170.0,25.84
358,David_DeJesus,KC,Outfielder,72,175.0,27.2
359,Shane_Costa,KC,Outfielder,72,220.0,25.22
360,Mitch_Maier,KC,Outfielder,74,210.0,24.67
361,Reggie_Sanders,KC,Outfielder,73,205.0,39.25
362,Emil_Brown,KC,Outfielder,74,200.0,32.17
363,Mike_Sweeney,KC,Designated_Hitter,75,225.0,33.61
364,John_Bale,KC,Starting_Pitcher,76,205.0,32.77
365,Luke_Hudson,KC,Starting_Pitcher,75,195.0,29.83
366,Scott_Elarton,KC,Starting_Pitcher,80,240.0,31.02
367,Odalis_Perez,KC,Starting_Pitcher,72,150.0,29.73
368,Gil_Meche,KC,Starting_Pitcher,75,200.0,28.48
369,Neal_Musser,KC,Starting_Pitcher,73,215.0,26.51
370,Brian_Bannister,KC,Starting_Pitcher,74,202.0,26.0
371,Zack_Greinke,KC,Starting_Pitcher,74,200.0,23.36
372,Jorge_De_La_Rosa,KC,Starting_Pitcher,73,190.0,25.9
373,Todd_Wellemeyer,KC,Relief_Pitcher,75,205.0,28.5
374,Jimmy_Gobble,KC,Relief_Pitcher,75,190.0,25.62
375,Joel_Peralta,KC,Relief_Pitcher,71,160.0,30.94
376,Ryan_Braun,KC,Relief_Pitcher,73,215.0,26.59
377,Joakim_Soria,KC,Relief_Pitcher,75,185.0,22.78
378,Ken_Ray,KC,Relief_Pitcher,74,200.0,32.26
379,David_Riske,KC,Relief_Pitcher,74,190.0,30.35
380,Octavio_Dotel,KC,Relief_Pitcher,72,210.0,33.26
381,Joe_Nelson,KC,Relief_Pitcher,74,185.0,32.35
382,Gerald_Laird,TEX,Catcher,74,220.0,27.3
383,Miguel_Ojeda,TEX,Catcher,74,190.0,32.08
384,Guillermo_Quiroz,TEX,Catcher,73,202.0,25.25
385,Chris_Stewart,TEX,Catcher,76,205.0,25.03
386,Mark_Teixeira,TEX,First_Baseman,75,220.0,26.89
387,Ian_Kinsler,TEX,Second_Baseman,72,175.0,24.69
388,Joaquin_Arias,TEX,Shortstop,73,160.0,22.44
389,Michael_Young,TEX,Shortstop,73,190.0,30.36
390,Hank_Blalock,TEX,Third_Baseman,73,200.0,26.27
391,Marlon_Byrd,TEX,Outfielder,72,229.0,29.5
392,Brad_Wilkerson,TEX,Outfielder,72,206.0,29.75
393,Sammy_Sosa,TEX,Outfielder,72,220.0,38.3
394,Kenny_Lofton,TEX,Outfielder,72,180.0,39.75
395,Frank_Catalanotto,TEX,Outfielder,71,195.0,32.84
396,Nelson_Cruz,TEX,Outfielder,75,175.0,26.66
397,Jason_Botts,TEX,Designated_Hitter,77,250.0,26.6
398,Robinson_Tejeda,TEX,Starting_Pitcher,75,188.0,24.94
399,John_Rheinecker,TEX,Starting_Pitcher,74,230.0,27.76
400,Edinson_Volquez,TEX,Starting_Pitcher,73,190.0,23.66
401,A.J._Murray,TEX,Starting_Pitcher,75,200.0,24.96
402,Brandon_McCarthy,TEX,Starting_Pitcher,79,190.0,23.65
403,Vicente_Padilla,TEX,Starting_Pitcher,74,219.0,29.42
404,Kevin_Millwood,TEX,Starting_Pitcher,76,235.0,32.18
405,John_Koronka,TEX,Starting_Pitcher,73,180.0,26.66
406,Frank_Francisco,TEX,Relief_Pitcher,74,180.0,27.47
407,Francisco_Cruceta,TEX,Relief_Pitcher,74,180.0,25.66
408,Akinori_Otsuka,TEX,Relief_Pitcher,72,200.0,35.13
409,Eric_Gagne,TEX,Relief_Pitcher,74,234.0,31.15
410,Ron_Mahay,TEX,Relief_Pitcher,74,185.0,35.67
411,Joaquin_Benoit,TEX,Relief_Pitcher,75,220.0,29.6
412,Rick_Bauer,TEX,Relief_Pitcher,78,223.0,30.14
413,Josh_Rupe,TEX,Relief_Pitcher,74,200.0,24.53
414,Wes_Littleton,TEX,Relief_Pitcher,74,210.0,24.49
415,C.J._Wilson,TEX,Relief_Pitcher,74,200.0,26.28
416,Scott_Feldman,TEX,Relief_Pitcher,77,210.0,24.06
417,Gregg_Zaun,TOR,Catcher,70,190.0,35.88
418,Jason_Phillips,TOR,Catcher,73,177.0,30.42
419,Lyle_Overbay,TOR,First_Baseman,74,227.0,30.09
420,Russ_Adams,TOR,Second_Baseman,73,180.0,26.5
421,Aaron_Hill,TOR,Second_Baseman,71,195.0,24.94
422,Jason_Smith,TOR,Second_Baseman,75,199.0,29.6
423,John_McDonald,TOR,Shortstop,71,175.0,32.43
424,Royce_Clayton,TOR,Shortstop,72,185.0,37.16
425,Troy_Glaus,TOR,Third_Baseman,77,240.0,30.57
426,John_Hattig,TOR,Third_Baseman,74,210.0,27.01
427,Reed_Johnson,TOR,Outfielder,70,180.0,30.23
428,Alex_Rios,TOR,Outfielder,77,194.0,26.03
429,Vernon_Wells,TOR,Outfielder,73,225.0,28.23
430,Frank_Thomas,TOR,Designated_Hitter,77,275.0,38.76
431,Adam_Lind,TOR,Designated_Hitter,74,195.0,23.62
432,Shaun_Marcum,TOR,Starting_Pitcher,72,180.0,25.21
433,Casey_Janssen,TOR,Starting_Pitcher,76,205.0,25.45
434,Gustavo_Chacin,TOR,Starting_Pitcher,71,193.0,26.24
435,A.J._Burnett,TOR,Starting_Pitcher,76,230.0,30.15
436,Roy_Halladay,TOR,Starting_Pitcher,78,230.0,29.8
437,John_Thomson,TOR,Starting_Pitcher,75,220.0,33.41
438,Tomo_Ohka,TOR,Starting_Pitcher,73,200.0,30.95
439,B.J._Ryan,TOR,Relief_Pitcher,78,249.0,31.17
440,Scott_Downs,TOR,Relief_Pitcher,74,190.0,30.95
441,Brian_Tallet,TOR,Relief_Pitcher,79,208.0,29.44
442,Matt_Roney,TOR,Relief_Pitcher,75,245.0,27.14
443,Tracy_Thorpe,TOR,Relief_Pitcher,76,250.0,26.21
444,Jean_Machi,TOR,Relief_Pitcher,72,160.0,24.08
445,Brandon_League,TOR,Relief_Pitcher,75,192.0,23.96
446,Dustin_McGowan,TOR,Relief_Pitcher,75,220.0,24.94
447,Jason_Frasor,TOR,Relief_Pitcher,70,170.0,29.56
448,Francisco_Rosario,TOR,Relief_Pitcher,72,197.0,26.42
449,Davis_Romero,TOR,Relief_Pitcher,70,155.0,23.92
450,Jeremy_Accardo,TOR,Relief_Pitcher,74,190.0,25.23
451,Mike_Redmond,MIN,Catcher,71,200.0,35.82
452,Joe_Mauer,MIN,Catcher,76,220.0,23.87
453,Chris_Heintz,MIN,Catcher,73,210.0,32.57
454,Justin_Morneau,MIN,First_Baseman,76,228.0,25.79
455,Luis_Castillo,MIN,Second_Baseman,71,190.0,31.47
456,Alexi_Casilla,MIN,Second_Baseman,69,160.0,22.61
457,Alejandro_Machado,MIN,Second_Baseman,72,184.0,24.85
458,Jason_Bartlett,MIN,Shortstop,72,180.0,27.33
459,Luis_Rodriguez,MIN,Third_Baseman,69,180.0,26.67
460,Jeff_Cirillo,MIN,Third_Baseman,73,200.0,37.43
461,Nick_Punto,MIN,Third_Baseman,69,176.0,29.31
462,Jason_Tyner,MIN,Outfielder,73,160.0,29.85
463,Michael_Cuddyer,MIN,Outfielder,74,222.0,27.93
464,Torii_Hunter,MIN,Outfielder,74,211.0,31.62
465,Lew_Ford,MIN,Outfielder,72,195.0,30.55
466,Jason_Kubel,MIN,Outfielder,71,200.0,24.77
467,Josh_Rabe,MIN,Designated_Hitter,74,210.0,28.38
468,Rondell_White,MIN,Designated_Hitter,73,225.0,35.02
469,Ramon_Ortiz,MIN,Starting_Pitcher,72,175.0,33.77
470,Johan_Santana,MIN,Starting_Pitcher,72,206.0,27.97
471,Carlos_Silva,MIN,Starting_Pitcher,76,240.0,27.85
472,Matt_Garza,MIN,Starting_Pitcher,76,185.0,23.26
473,Boof_Bonser,MIN,Starting_Pitcher,76,260.0,25.38
474,Francisco_Liriano,MIN,Starting_Pitcher,74,185.0,23.35
475,Scott_Baker,MIN,Starting_Pitcher,76,221.0,25.45
476,Pat_Neshek,MIN,Relief_Pitcher,75,205.0,26.49
477,Glen_Perkins,MIN,Relief_Pitcher,71,200.0,24.0
478,Julio_DePaula,MIN,Relief_Pitcher,72,170.0,24.16
479,Juan_Rincon,MIN,Relief_Pitcher,71,201.0,28.1
480,Jesse_Crain,MIN,Relief_Pitcher,73,205.0,25.65
481,Matt_Guerrier,MIN,Relief_Pitcher,75,185.0,28.58
482,Joe_Nathan,MIN,Relief_Pitcher,76,205.0,32.27
483,Dennys_Reyes,MIN,Relief_Pitcher,75,245.0,29.86
484,Brayan_Pe?a,ATL,Catcher,71,220.0,25.14
485,Brian_McCann,ATL,Catcher,75,210.0,23.03
486,Craig_Wilson,ATL,First_Baseman,74,220.0,30.25
487,Chris_Woodward,ATL,Second_Baseman,72,185.0,30.67
488,Pete_Orr,ATL,Second_Baseman,73,175.0,27.73
489,Martin_Prado,ATL,Second_Baseman,73,170.0,23.34
490,Tony_Pe?a,ATL,Shortstop,73,180.0,25.94
491,Edgar_Renteria,ATL,Shortstop,73,200.0,31.56
492,Chipper_Jones,ATL,Third_Baseman,76,210.0,34.85
493,Willy_Aybar,ATL,Third_Baseman,72,175.0,23.98
494,Jeff_Francoeur,ATL,Outfielder,76,220.0,23.14
495,Matt_Diaz,ATL,Outfielder,73,206.0,28.99
496,Kelly_Johnson,ATL,Outfielder,73,180.0,25.02
497,Andruw_Jones,ATL,Outfielder,73,210.0,29.85
498,Ryan_Langerhans,ATL,Outfielder,75,195.0,27.03
499,Scott_Thorman,ATL,Outfielder,75,200.0,25.15
500,T.J._Bohn,ATL,Outfielder,77,200.0,27.12
501,Tim_Hudson,ATL,Starting_Pitcher,73,164.0,31.63
502,Jonathan_Johnson,ATL,Starting_Pitcher,72,180.0,32.62
503,John_Smoltz,ATL,Starting_Pitcher,75,220.0,39.79
504,Mike_Hampton,ATL,Starting_Pitcher,70,195.0,34.47
505,Kyle_Davies,ATL,Starting_Pitcher,74,205.0,23.47
506,Chuck_James,ATL,Starting_Pitcher,72,170.0,25.31
507,Phil_Stockman,ATL,Relief_Pitcher,80,240.0,27.1
508,Macay_McBride,ATL,Relief_Pitcher,71,210.0,24.35
509,Joey_Devine,ATL,Relief_Pitcher,71,195.0,23.45
510,Peter_Moylan,ATL,Relief_Pitcher,74,200.0,28.24
511,Mike_Gonzalez,ATL,Relief_Pitcher,74,205.0,28.77
512,Lance_Cormier,ATL,Relief_Pitcher,73,192.0,26.53
513,Blaine_Boyer,ATL,Relief_Pitcher,75,190.0,25.64
514,Manny_Acosta,ATL,Relief_Pitcher,76,170.0,25.83
515,Bob_Wickman,ATL,Relief_Pitcher,73,240.0,38.06
516,Tanyon_Sturtze,ATL,Relief_Pitcher,77,200.0,36.38
517,Oscar_Villarreal,ATL,Relief_Pitcher,72,205.0,25.27
518,Rafael_Soriano,ATL,Relief_Pitcher,73,175.0,27.2
519,Chad_Paronto,ATL,Relief_Pitcher,77,250.0,31.59
520,Tyler_Yates,ATL,Relief_Pitcher,76,220.0,29.56
521,Henry_Blanco,CHC,Catcher,71,224.0,35.5
522,Michael_Barrett,CHC,Catcher,75,210.0,30.35
523,Geovany_Soto,CHC,Catcher,73,195.0,24.11
524,Scott_Moore,CHC,First_Baseman,74,180.0,23.29
525,Derrek_Lee,CHC,First_Baseman,77,245.0,31.48
526,Ryan_Theriot,CHC,Second_Baseman,71,175.0,27.23
527,Ronny_Cedeno,CHC,Shortstop,72,180.0,24.07
528,Aramis_Ramirez,CHC,Third_Baseman,73,215.0,28.68
529,Cesar_Izturis,CHC,Third_Baseman,69,175.0,27.05
530,Alfonso_Soriano,CHC,Outfielder,73,180.0,31.15
531,Jacque_Jones,CHC,Outfielder,70,195.0,31.85
532,Daryle_Ward,CHC,Outfielder,74,230.0,31.68
533,Cliff_Floyd,CHC,Outfielder,76,230.0,34.23
534,Mark_DeRosa,CHC,Outfielder,73,205.0,32.01
535,Matt_Murton,CHC,Outfielder,73,215.0,25.41
536,Buck_Coats,CHC,Outfielder,75,195.0,24.73
537,Angel_Pagan,CHC,Outfielder,73,180.0,25.66
538,Sean_Marshall,CHC,Starting_Pitcher,79,205.0,24.5
539,Carlos_Marmol,CHC,Starting_Pitcher,74,180.0,24.38
540,Ryan_O'Malley,CHC,Starting_Pitcher,73,190.0,26.89
541,Juan_Mateo,CHC,Starting_Pitcher,74,180.0,24.2
542,Rich_Hill,CHC,Starting_Pitcher,77,190.0,26.97
543,Angel_Guzman,CHC,Starting_Pitcher,75,190.0,25.21
544,Wade_Miller,CHC,Starting_Pitcher,74,220.0,30.46
545,Jason_Marquis,CHC,Starting_Pitcher,73,210.0,28.53
546,Carlos_Zambrano,CHC,Starting_Pitcher,77,255.0,25.75
547,Ted_Lilly,CHC,Starting_Pitcher,73,190.0,31.15
548,Mark_Prior,CHC,Starting_Pitcher,77,230.0,26.48
549,Neal_Cotts,CHC,Relief_Pitcher,74,200.0,26.93
550,Will_Ohman,CHC,Relief_Pitcher,74,205.0,29.55
551,Scott_Eyre,CHC,Relief_Pitcher,73,210.0,34.75
552,Kerry_Wood,CHC,Relief_Pitcher,77,225.0,29.71
553,Ryan_Dempster,CHC,Relief_Pitcher,74,215.0,29.83
554,Bob_Howry,CHC,Relief_Pitcher,77,220.0,33.57
555,Mike_Wuertz,CHC,Relief_Pitcher,75,205.0,28.21
556,Roberto_Novoa,CHC,Relief_Pitcher,77,200.0,27.54
557,Chris_Snyder,ARZ,Catcher,75,220.0,26.05
558,Miguel_Montero,ARZ,Catcher,71,197.0,23.64
559,Conor_Jackson,ARZ,First_Baseman,74,225.0,24.82
560,Robby_Hammock,ARZ,First_Baseman,70,187.0,29.8
561,Tony_Clark,ARZ,First_Baseman,79,245.0,34.71
562,Orlando_Hudson,ARZ,Second_Baseman,72,185.0,29.22
563,Stephen_Drew,ARZ,Shortstop,72,185.0,23.96
564,Alberto_Callaspo,ARZ,Shortstop,70,175.0,23.87
565,Chad_Tracy,ARZ,Third_Baseman,74,200.0,26.77
566,Chris_Young,ARZ,Outfielder,74,180.0,23.49
567,Scott_Hairston,ARZ,Outfielder,72,188.0,26.77
568,Carlos_Quentin,ARZ,Outfielder,73,225.0,24.51
569,Jeff_DaVanon,ARZ,Outfielder,72,200.0,33.23
570,Eric_Byrnes,ARZ,Outfielder,74,210.0,31.04
571,Livan_Hernandez,ARZ,Starting_Pitcher,74,245.0,32.02
572,Doug_Davis,ARZ,Starting_Pitcher,76,213.0,31.44
573,Randy_Johnson,ARZ,Starting_Pitcher,82,231.0,43.47
574,Juan_Cruz,ARZ,Starting_Pitcher,74,165.0,28.38
575,Brandon_Webb,ARZ,Starting_Pitcher,74,228.0,27.81
576,Enrique_Gonzalez,ARZ,Starting_Pitcher,70,210.0,24.57
577,Dana_Eveland,ARZ,Starting_Pitcher,73,250.0,23.34
578,Brandon_Medders,ARZ,Relief_Pitcher,73,191.0,27.09
579,Tony_Pe?a,ARZ,Relief_Pitcher,74,190.0,25.14
580,Doug_Slaten,ARZ,Relief_Pitcher,77,200.0,27.07
581,Edgar_Gonzalez,ARZ,Relief_Pitcher,72,215.0,24.02
582,Jose_Valverde,ARZ,Relief_Pitcher,76,254.0,27.6
583,Jorge_Julio,ARZ,Relief_Pitcher,73,232.0,27.99
584,Brandon_Lyon,ARZ,Relief_Pitcher,73,180.0,27.56
585,Miguel_Olivo,FLA,Catcher,72,215.0,28.63
586,Matt_Treanor,FLA,Catcher,74,220.0,30.99
587,Mike_Jacobs,FLA,First_Baseman,74,180.0,26.33
588,Dan_Uggla,FLA,Second_Baseman,71,200.0,26.97
589,Robert_Andino,FLA,Shortstop,72,170.0,22.85
590,Hanley_Ramirez,FLA,Shortstop,75,195.0,23.19
591,Miguel_Cabrera,FLA,Third_Baseman,74,210.0,23.87
592,Aaron_Boone,FLA,Third_Baseman,74,200.0,33.98
593,Joe_Borchard,FLA,Outfielder,77,220.0,28.26
594,Alfredo_Amezaga,FLA,Outfielder,70,165.0,29.12
595,Cody_Ross,FLA,Outfielder,71,180.0,26.18
596,Josh_Willingham,FLA,Outfielder,73,200.0,28.03
597,Jeremy_Hermida,FLA,Outfielder,76,200.0,23.08
598,Eric_Reed,FLA,Outfielder,71,170.0,26.24
599,Reggi_Abercrombie,FLA,Outfielder,75,224.0,26.63
600,Ricky_Nolasco,FLA,Starting_Pitcher,74,220.0,24.21
601,Anibal_Sanchez,FLA,Starting_Pitcher,72,180.0,23.01
602,Scott_Olsen,FLA,Starting_Pitcher,76,198.0,23.13
603,Josh_Johnson,FLA,Starting_Pitcher,79,240.0,23.08
604,Dontrelle_Willis,FLA,Starting_Pitcher,76,239.0,25.13
605,Logan_Kensing,FLA,Relief_Pitcher,73,185.0,24.66
606,Sergio_Mitre,FLA,Relief_Pitcher,76,210.0,26.03
607,Kevin_Gregg,FLA,Relief_Pitcher,78,220.0,28.7
608,Travis_Bowyer,FLA,Relief_Pitcher,75,200.0,25.57
609,Renyel_Pinto,FLA,Relief_Pitcher,76,195.0,24.65
610,Randy_Messenger,FLA,Relief_Pitcher,72,220.0,25.55
611,Yusmeiro_Petit,FLA,Relief_Pitcher,72,230.0,22.27
612,Carlos_Martinez,FLA,Relief_Pitcher,73,170.0,24.76
613,Taylor_Tankersley,FLA,Relief_Pitcher,73,220.0,23.98
614,Henry_Owens,FLA,Relief_Pitcher,75,230.0,27.85
615,Jose_Garcia,FLA,Relief_Pitcher,71,165.0,22.14
616,Matt_Lindstrom,FLA,Relief_Pitcher,76,205.0,27.05
617,Javier_Valentin,CIN,Catcher,70,192.0,31.45
618,Chad_Moeller,CIN,Catcher,75,210.0,32.03
619,David_Ross,CIN,Catcher,74,205.0,29.95
620,Joey_Votto,CIN,First_Baseman,75,200.0,23.47
621,Scott_Hatteberg,CIN,First_Baseman,73,210.0,37.21
622,Brandon_Phillips,CIN,Second_Baseman,71,185.0,25.67
623,Juan_Castro,CIN,Shortstop,71,195.0,34.69
624,Alex_Gonzalez,CIN,Shortstop,72,202.0,30.04
625,Mark_Bellhorn,CIN,Third_Baseman,73,205.0,32.52
626,Edwin_Encarnacion,CIN,Third_Baseman,73,195.0,24.15
627,Jeff_Keppinger,CIN,Third_Baseman,72,180.0,26.86
628,Norris_Hopper,CIN,Outfielder,69,200.0,27.94
629,Chris_Denorfia,CIN,Outfielder,73,185.0,26.63
630,Adam_Dunn,CIN,Outfielder,78,240.0,27.31
631,Bubba_Crosby,CIN,Outfielder,71,185.0,30.55
632,Jeff_Conine,CIN,Outfielder,73,220.0,40.68
633,Ken_Griffey_Jr.,CIN,Outfielder,75,205.0,37.27
634,Josh_Hamilton,CIN,Outfielder,76,205.0,25.78
635,Ryan_Freel,CIN,Outfielder,70,180.0,30.98
636,Kyle_Lohse,CIN,Starting_Pitcher,74,201.0,28.41
637,Bronson_Arroyo,CIN,Starting_Pitcher,77,190.0,30.01
638,Eric_Milton,CIN,Starting_Pitcher,75,208.0,31.57
639,Aaron_Harang,CIN,Starting_Pitcher,79,240.0,28.81
641,Elizardo_Ramirez,CIN,Starting_Pitcher,72,180.0,24.09
642,Todd_Coffey,CIN,Relief_Pitcher,77,230.0,26.47
643,Brian_Shackelford,CIN,Relief_Pitcher,73,195.0,30.5
644,Bill_Bray,CIN,Relief_Pitcher,75,215.0,23.74
645,Bobby_Livingston,CIN,Relief_Pitcher,75,190.0,24.49
646,Matt_Belisle,CIN,Relief_Pitcher,75,195.0,26.73
647,Gary_Majewski,CIN,Relief_Pitcher,73,215.0,27.01
648,Mike_Stanton,CIN,Relief_Pitcher,73,215.0,39.75
649,Brad_Salmon,CIN,Relief_Pitcher,76,220.0,27.16
650,Jared_Burton,CIN,Relief_Pitcher,77,220.0,25.74
651,David_Weathers,CIN,Relief_Pitcher,75,230.0,37.43
652,Rheal_Cormier,CIN,Relief_Pitcher,70,195.0,39.85
653,Yorvit_Torrealba,COL,Catcher,71,190.0,28.62
654,Chris_Iannetta,COL,Catcher,71,195.0,23.9
655,Alvin_Colina,COL,Catcher,75,209.0,25.18
656,Todd_Helton,COL,First_Baseman,74,204.0,33.53
657,Jamey_Carroll,COL,Second_Baseman,69,170.0,33.03
658,Kaz_Matsui,COL,Second_Baseman,70,185.0,31.35
659,Troy_Tulowitzki,COL,Shortstop,75,205.0,22.39
660,Clint_Barmes,COL,Shortstop,72,175.0,27.99
661,Garrett_Atkins,COL,Third_Baseman,75,210.0,27.22
662,Ryan_Spilborghs,COL,Outfielder,73,190.0,27.49
663,Cory_Sullivan,COL,Outfielder,72,180.0,27.53
664,Jeff_Salazar,COL,Outfielder,72,180.0,26.26
665,Willy_Taveras,COL,Outfielder,72,160.0,25.18
666,Matt_Holliday,COL,Outfielder,76,235.0,27.12
667,Brad_Hawpe,COL,Outfielder,75,200.0,27.69
668,Jeff_Baker,COL,Outfielder,74,210.0,25.69
669,Javy_Lopez,COL,Designated_Hitter,75,224.0,36.32
670,Byung-Hyun_Kim,COL,Starting_Pitcher,69,180.0,28.11
671,Rodrigo_Lopez,COL,Starting_Pitcher,73,190.0,31.21
672,Brian_Lawrence,COL,Starting_Pitcher,72,197.0,30.8
673,Josh_Fogg,COL,Starting_Pitcher,72,203.0,30.21
674,Aaron_Cook,COL,Starting_Pitcher,75,205.0,28.06
675,Denny_Bautista,COL,Starting_Pitcher,77,170.0,26.52
676,Ubaldo_Jimenez,COL,Starting_Pitcher,76,200.0,23.1
677,Jason_Hirsh,COL,Starting_Pitcher,80,250.0,25.02
678,Jeff_Francis,COL,Starting_Pitcher,77,200.0,26.14
679,Taylor_Buchholz,COL,Starting_Pitcher,76,220.0,25.38
680,Ryan_Speier,COL,Relief_Pitcher,79,200.0,27.6
681,Ramon_Ramirez,COL,Relief_Pitcher,71,190.0,25.5
682,Manny_Corpas,COL,Relief_Pitcher,75,170.0,24.24
683,Juan_Morillo,COL,Relief_Pitcher,73,190.0,23.32
684,Brian_Fuentes,COL,Relief_Pitcher,76,220.0,31.56
685,LaTroy_Hawkins,COL,Relief_Pitcher,77,215.0,34.19
686,Tom_Martin,COL,Relief_Pitcher,73,206.0,36.78
687,Jeremy_Affeldt,COL,Relief_Pitcher,76,215.0,27.73
688,Paul_Lo_Duca,NYM,Catcher,70,185.0,34.88
689,Ramon_Castro,NYM,Catcher,75,235.0,31.0
690,Julio_Franco,NYM,First_Baseman,73,188.0,48.52
691,Carlos_Delgado,NYM,First_Baseman,75,230.0,34.68
692,Jose_Valentin,NYM,Second_Baseman,70,195.0,37.38
693,Anderson_Hernandez,NYM,Second_Baseman,69,168.0,24.33
694,Damion_Easley,NYM,Shortstop,71,190.0,37.3
695,Jose_Reyes,NYM,Shortstop,72,160.0,23.72
696,David_Wright,NYM,Third_Baseman,72,200.0,24.19
697,Ben_Johnson,NYM,Outfielder,73,200.0,25.7
698,Endy_Chavez,NYM,Outfielder,70,189.0,29.06
699,David_Newhan,NYM,Outfielder,70,180.0,33.48
700,Carlos_Beltran,NYM,Outfielder,73,190.0,29.85
701,Shawn_Green,NYM,Outfielder,76,200.0,34.3
702,Moises_Alou,NYM,Outfielder,75,220.0,40.66
703,Lastings_Milledge,NYM,Outfielder,72,187.0,21.9
704,Alay_Soler,NYM,Starting_Pitcher,73,240.0,27.39
705,Mike_Pelfrey,NYM,Starting_Pitcher,79,190.0,23.13
706,Pedro_Martinez,NYM,Starting_Pitcher,71,180.0,35.35
707,Tom_Glavine,NYM,Starting_Pitcher,72,185.0,40.93
708,Chan_Ho_Park,NYM,Starting_Pitcher,74,210.0,33.67
709,Orlando_Hernandez,NYM,Starting_Pitcher,74,220.0,37.39
710,Dave_Williams,NYM,Starting_Pitcher,74,219.0,27.97
711,Oliver_Perez,NYM,Starting_Pitcher,72,190.0,25.54
712,John_Maine,NYM,Starting_Pitcher,76,193.0,25.81
713,Marcos_Carvajal,NYM,Relief_Pitcher,76,175.0,22.53
714,Ambiorix_Burgos,NYM,Relief_Pitcher,72,180.0,22.86
715,Jason_Vargas,NYM,Relief_Pitcher,72,215.0,24.07
716,Jon_Adkins,NYM,Relief_Pitcher,71,210.0,29.5
717,Juan_Padilla,NYM,Relief_Pitcher,72,200.0,30.03
718,Duaner_Sanchez,NYM,Relief_Pitcher,72,190.0,27.38
719,Pedro_Feliciano,NYM,Relief_Pitcher,70,185.0,30.51
720,Aaron_Heilman,NYM,Relief_Pitcher,77,220.0,28.3
721,Jorge_Sosa,NYM,Relief_Pitcher,74,170.0,29.84
722,Scott_Schoeneweis,NYM,Relief_Pitcher,72,195.0,33.41
723,Guillermo_Mota,NYM,Relief_Pitcher,76,205.0,33.6
724,Billy_Wagner,NYM,Relief_Pitcher,71,195.0,35.6
725,Philip_Humber,NYM,Relief_Pitcher,76,210.0,24.19
726,Brad_Ausmus,HOU,Catcher,71,190.0,37.88
727,Humberto_Quintero,HOU,Catcher,73,190.0,27.56
728,Hector_Gimenez,HOU,Catcher,70,180.0,24.42
729,Lance_Berkman,HOU,First_Baseman,73,220.0,31.05
730,Mike_Lamb,HOU,First_Baseman,73,190.0,31.56
731,Mark_Loretta,HOU,Second_Baseman,72,186.0,35.55
732,Craig_Biggio,HOU,Second_Baseman,71,185.0,41.21
733,Brooks_Conrad,HOU,Second_Baseman,71,190.0,27.12
734,Chris_Burke,HOU,Second_Baseman,71,180.0,26.97
735,Eric_Bruntlett,HOU,Second_Baseman,72,190.0,28.92
736,Adam_Everett,HOU,Shortstop,72,170.0,30.06
737,Morgan_Ensberg,HOU,Third_Baseman,74,210.0,31.51
738,Carlos_Lee,HOU,Outfielder,74,240.0,30.69
739,Jason_Lane,HOU,Outfielder,74,220.0,30.19
740,Orlando_Palmeiro,HOU,Outfielder,71,180.0,38.11
741,Luke_Scott,HOU,Outfielder,72,210.0,28.68
742,Charlton_Jimerson,HOU,Outfielder,75,210.0,27.44
743,Fernando_Nieve,HOU,Starting_Pitcher,72,195.0,24.63
744,Wandy_Rodriguez,HOU,Starting_Pitcher,71,160.0,28.11
745,Brandon_Backe,HOU,Starting_Pitcher,72,180.0,28.9
746,Matt_Albers,HOU,Starting_Pitcher,72,205.0,24.11
747,Woody_Williams,HOU,Starting_Pitcher,72,200.0,40.53
748,Roy_Oswalt,HOU,Starting_Pitcher,72,185.0,29.5
749,Jason_Jennings,HOU,Starting_Pitcher,74,245.0,28.62
750,Miguel_Asencio,HOU,Relief_Pitcher,74,190.0,26.42
751,Brad_Lidge,HOU,Relief_Pitcher,77,210.0,30.18
752,Trever_Miller,HOU,Relief_Pitcher,75,200.0,33.75
753,David_Borkowski,HOU,Relief_Pitcher,73,200.0,30.06
754,Dan_Wheeler,HOU,Relief_Pitcher,75,222.0,29.22
755,Paul_Estrada,HOU,Relief_Pitcher,73,215.0,24.47
756,Lincoln_Holdzkom,HOU,Relief_Pitcher,76,240.0,24.94
757,Chris_Sampson,HOU,Relief_Pitcher,72,170.0,28.77
758,Chad_Qualls,HOU,Relief_Pitcher,77,220.0,28.54
759,Ezequiel_Astacio,HOU,Relief_Pitcher,75,156.0,27.32
760,Mike_Lieberthal,LA,Catcher,72,190.0,35.12
761,Russell_Martin,LA,Catcher,71,202.0,24.04
762,Olmedo_Saenz,LA,First_Baseman,71,221.0,36.39
763,James_Loney,LA,First_Baseman,75,200.0,22.81
764,Nomar_Garciaparra,LA,First_Baseman,72,190.0,33.6
765,Jeff_Kent,LA,Second_Baseman,73,210.0,38.98
766,Ramon_Martinez,LA,Second_Baseman,73,190.0,34.39
767,Marlon_Anderson,LA,Second_Baseman,71,200.0,33.15
768,Rafael_Furcal,LA,Shortstop,70,165.0,29.35
769,Wilson_Betemit,LA,Third_Baseman,75,190.0,26.59
770,Andy_LaRoche,LA,Third_Baseman,71,185.0,23.46
771,Matt_Kemp,LA,Outfielder,76,230.0,22.43
772,Andre_Ethier,LA,Outfielder,73,208.0,24.89
773,Delwyn_Young,LA,Outfielder,68,209.0,24.67
774,Jason_Repko,LA,Outfielder,71,175.0,26.17
775,Juan_Pierre,LA,Outfielder,72,180.0,29.54
776,Luis_Gonzalez,LA,Outfielder,74,200.0,39.49
777,Jason_Schmidt,LA,Starting_Pitcher,77,205.0,34.08
778,Randy_Wolf,LA,Starting_Pitcher,72,200.0,30.52
779,Brad_Penny,LA,Starting_Pitcher,76,250.0,28.77
780,Derek_Lowe,LA,Starting_Pitcher,78,210.0,33.75
781,Mark_Hendrickson,LA,Starting_Pitcher,81,230.0,32.69
782,Chad_Billingsley,LA,Starting_Pitcher,72,244.0,22.59
783,Takashi_Saito,LA,Relief_Pitcher,73,202.0,37.04
784,Jonathan_Broxton,LA,Relief_Pitcher,76,240.0,22.7
785,Hong-Chih_Kuo,LA,Relief_Pitcher,72,200.0,25.6
786,Eric_Stults,LA,Relief_Pitcher,72,215.0,27.23
787,Chin-Hui_Tsao,LA,Relief_Pitcher,74,177.0,25.74
788,Tim_Hamulack,LA,Relief_Pitcher,76,210.0,30.29
789,Yhency_Brazoban,LA,Relief_Pitcher,73,170.0,26.72
790,Brett_Tomko,LA,Relief_Pitcher,76,215.0,33.9
791,Joe_Beimel,LA,Relief_Pitcher,75,217.0,29.86
792,Elmer_Dessens,LA,Relief_Pitcher,70,198.0,36.13
793,Ryan_Budde,PHI,Catcher,71,200.0,27.54
794,Rod_Barajas,PHI,Catcher,74,220.0,31.49
795,Carlos_Ruiz,PHI,Catcher,72,170.0,28.1
796,Chris_Coste,PHI,Catcher,73,200.0,34.07
797,Ryan_Howard,PHI,First_Baseman,76,230.0,27.28
798,Wes_Helms,PHI,First_Baseman,76,231.0,30.8
799,Chase_Utley,PHI,Second_Baseman,73,183.0,28.2
800,Danny_Sandoval,PHI,Second_Baseman,71,192.0,27.9
801,Jimmy_Rollins,PHI,Shortstop,68,167.0,28.26
802,Abraham_Nu?ez,PHI,Third_Baseman,71,190.0,30.96
803,Michael_Bourn,PHI,Outfielder,71,180.0,24.18
804,Chris_Roberson,PHI,Outfielder,74,180.0,27.52
805,Jayson_Werth,PHI,Outfielder,77,215.0,27.78
806,Shane_Victorino,PHI,Outfielder,69,160.0,26.25
807,Aaron_Rowand,PHI,Outfielder,72,205.0,29.5
808,Pat_Burrell,PHI,Outfielder,76,223.0,30.39
809,Greg_Dobbs,PHI,Designated_Hitter,73,205.0,28.66
810,Cole_Hamels,PHI,Starting_Pitcher,75,175.0,23.18
811,Alfredo_Simon,PHI,Starting_Pitcher,76,170.0,25.81
812,Scott_Mathieson,PHI,Starting_Pitcher,75,190.0,23.01
813,Freddy_Garcia,PHI,Starting_Pitcher,76,240.0,31.72
814,Jamie_Moyer,PHI,Starting_Pitcher,72,175.0,44.28
815,Jon_Lieber,PHI,Starting_Pitcher,74,230.0,36.91
816,Brett_Myers,PHI,Starting_Pitcher,76,223.0,26.54
817,Adam_Eaton,PHI,Starting_Pitcher,74,196.0,29.27
818,Geoff_Geary,PHI,Relief_Pitcher,72,167.0,30.51
819,Clay_Condrey,PHI,Relief_Pitcher,75,195.0,31.28
820,Ryan_Madson,PHI,Relief_Pitcher,78,190.0,26.51
821,Antonio_Alfonseca,PHI,Relief_Pitcher,77,250.0,34.87
822,Tom_Gordon,PHI,Relief_Pitcher,70,190.0,39.28
823,Brian_Sanches,PHI,Relief_Pitcher,72,190.0,28.56
824,Jim_Ed_Warden,PHI,Relief_Pitcher,79,190.0,27.82
825,Anderson_Garcia,PHI,Relief_Pitcher,74,170.0,25.94
826,Eude_Brito,PHI,Relief_Pitcher,71,160.0,28.53
827,Fabio_Castro,PHI,Relief_Pitcher,68,150.0,22.11
828,Matt_Smith,PHI,Relief_Pitcher,77,225.0,27.71
829,Damian_Miller,MLW,Catcher,75,220.0,37.38
830,Johnny_Estrada,MLW,Catcher,71,209.0,30.67
831,Mike_Rivera,MLW,Catcher,72,210.0,30.48
832,J.D._Closser,MLW,Catcher,70,176.0,27.12
833,Prince_Fielder,MLW,First_Baseman,72,260.0,22.81
834,Rickie_Weeks,MLW,Second_Baseman,72,195.0,24.46
835,Tony_Graffanino,MLW,Second_Baseman,73,190.0,34.73
836,Craig_Counsell,MLW,Shortstop,72,184.0,36.53
837,J.J._Hardy,MLW,Shortstop,74,180.0,24.53
838,Bill_Hall,MLW,Shortstop,72,195.0,27.17
839,Vinny_Rottino,MLW,Third_Baseman,72,195.0,26.9
840,Corey_Koskie,MLW,Third_Baseman,75,219.0,33.67
841,Kevin_Mench,MLW,Outfielder,72,225.0,29.14
842,Geoff_Jenkins,MLW,Outfielder,73,212.0,32.61
843,Brady_Clark,MLW,Outfielder,74,202.0,33.87
844,Tony_Gwynn_Jr.,MLW,Outfielder,72,185.0,24.41
845,Corey_Hart,MLW,Outfielder,78,200.0,24.94
846,Gabe_Gross,MLW,Outfielder,75,209.0,27.36
847,Laynce_Nix,MLW,Outfielder,72,200.0,26.33
848,Drew_Anderson,MLW,Outfielder,74,195.0,25.72
849,Claudio_Vargas,MLW,Starting_Pitcher,75,228.0,28.7
850,Chris_Capuano,MLW,Starting_Pitcher,75,210.0,28.53
851,Ben_Hendrickson,MLW,Starting_Pitcher,76,190.0,26.07
852,Dave_Bush,MLW,Starting_Pitcher,74,212.0,27.31
853,Carlos_Villanueva,MLW,Starting_Pitcher,74,190.0,23.26
854,Ben_Sheets,MLW,Starting_Pitcher,73,218.0,28.62
855,Jeff_Suppan,MLW,Starting_Pitcher,74,220.0,32.16
856,Brian_Shouse,MLW,Relief_Pitcher,71,190.0,38.43
857,Francisco_Cordero,MLW,Relief_Pitcher,74,235.0,31.81
858,Derrick_Turnbow,MLW,Relief_Pitcher,75,210.0,29.1
859,Matt_Wise,MLW,Relief_Pitcher,76,200.0,31.28
860,Grant_Balfour,MLW,Relief_Pitcher,74,188.0,29.17
861,Dennis_Sarfate,MLW,Relief_Pitcher,76,210.0,25.89
862,Jose_Capellan,MLW,Relief_Pitcher,76,235.0,26.13
863,Greg_Aquino,MLW,Relief_Pitcher,73,188.0,29.13
864,Josh_Bard,SD,Catcher,75,215.0,28.92
865,Rob_Bowen,SD,Catcher,75,216.0,26.01
866,Adrian_Gonzalez,SD,First_Baseman,74,220.0,24.81
867,Marcus_Giles,SD,Second_Baseman,68,180.0,28.79
868,Todd_Walker,SD,Second_Baseman,72,185.0,33.77
869,Geoff_Blum,SD,Shortstop,75,200.0,33.85
870,Khalil_Greene,SD,Shortstop,71,210.0,27.36
871,Paul_McAnulty,SD,Outfielder,70,220.0,26.01
872,Terrmel_Sledge,SD,Outfielder,72,185.0,29.95
873,Jack_Cust,SD,Outfielder,73,231.0,28.12
874,Jose_Cruz_Jr.,SD,Outfielder,72,210.0,32.87
875,Russell_Branyan,SD,Outfielder,75,195.0,31.2
876,Mike_Cameron,SD,Outfielder,74,200.0,34.14
877,Brian_Giles,SD,Outfielder,70,205.0,36.11
878,Kevin_Kouzmanoff,SD,Designated_Hitter,73,200.0,25.6
879,Mike_Thompson,SD,Starting_Pitcher,76,200.0,26.31
880,Clay_Hensley,SD,Starting_Pitcher,71,190.0,27.5
881,Chris_Young,SD,Starting_Pitcher,82,250.0,27.77
882,Greg_Maddux,SD,Starting_Pitcher,72,185.0,40.88
883,Jake_Peavy,SD,Starting_Pitcher,73,180.0,25.75
884,Scott_Cassidy,SD,Relief_Pitcher,74,170.0,31.41
885,Scott_Strickland,SD,Relief_Pitcher,71,180.0,30.84
886,Scott_Linebrink,SD,Relief_Pitcher,75,208.0,30.57
887,Doug_Brocail,SD,Relief_Pitcher,77,235.0,39.79
888,Trevor_Hoffman,SD,Relief_Pitcher,72,215.0,39.38
889,Heath_Bell,SD,Relief_Pitcher,74,244.0,29.42
890,Royce_Ring,SD,Relief_Pitcher,72,220.0,26.19
891,Cla_Meredith,SD,Relief_Pitcher,73,185.0,23.74
892,Andrew_Brown,SD,Relief_Pitcher,78,230.0,26.03
893,Mike_Adams,SD,Relief_Pitcher,77,190.0,28.59
894,Justin_Hampson,SD,Relief_Pitcher,73,200.0,26.77
895,Kevin_Cameron,SD,Relief_Pitcher,73,180.0,27.21
896,Ryan_Ketchner,SD,Relief_Pitcher,73,190.0,24.87
897,Brian_Schneider,WAS,Catcher,73,196.0,30.26
898,Jesus_Flores,WAS,Catcher,73,180.0,22.34
899,Larry_Broadway,WAS,First_Baseman,76,230.0,26.2
900,Nick_Johnson,WAS,First_Baseman,75,224.0,28.45
901,Bernie_Castro,WAS,Second_Baseman,70,160.0,27.63
902,Josh_Wilson,WAS,Shortstop,73,178.0,25.93
903,Cristian_Guzman,WAS,Shortstop,72,205.0,28.94
904,Felipe_Lopez,WAS,Shortstop,73,185.0,26.8
905,Ryan_Zimmerman,WAS,Third_Baseman,75,210.0,22.42
906,Nook_Logan,WAS,Outfielder,74,180.0,27.26
907,Ryan_Church,WAS,Outfielder,73,190.0,28.38
908,Kory_Casto,WAS,Outfielder,73,200.0,25.23
909,Mike_Restovich,WAS,Outfielder,76,257.0,28.16
910,Alex_Escobar,WAS,Outfielder,73,190.0,28.48
911,Austin_Kearns,WAS,Outfielder,75,220.0,26.78
912,Chris_Snelling,WAS,Outfielder,70,165.0,25.24
913,Billy_Traber,WAS,Starting_Pitcher,77,205.0,27.45
914,Tim_Redding,WAS,Starting_Pitcher,72,200.0,29.05
915,John_Patterson,WAS,Starting_Pitcher,77,208.0,29.08
916,Shawn_Hill,WAS,Starting_Pitcher,74,185.0,25.84
917,Joel_Hanrahan,WAS,Starting_Pitcher,75,215.0,25.4
918,Mike_O'Connor,WAS,Starting_Pitcher,75,170.0,26.54
919,Emiliano_Fruto,WAS,Relief_Pitcher,75,235.0,22.73
920,Chris_Schroder,WAS,Relief_Pitcher,75,210.0,28.53
921,Brett_Campbell,WAS,Relief_Pitcher,72,170.0,25.37
922,Beltran_Perez,WAS,Relief_Pitcher,74,180.0,25.35
923,Levale_Speigner,WAS,Relief_Pitcher,71,170.0,26.43
924,Jason_Bergmann,WAS,Relief_Pitcher,76,190.0,25.43
925,Saul_Rivera,WAS,Relief_Pitcher,71,150.0,29.23
926,Chris_Booker,WAS,Relief_Pitcher,75,230.0,30.22
927,Micah_Bowie,WAS,Relief_Pitcher,76,203.0,32.3
928,Jon_Rauch,WAS,Relief_Pitcher,83,260.0,28.42
929,Jerome_Williams,WAS,Relief_Pitcher,75,246.0,25.24
930,Luis_Ayala,WAS,Relief_Pitcher,74,186.0,29.13
931,Ryan_Wagner,WAS,Relief_Pitcher,76,210.0,24.63
932,Chad_Cordero,WAS,Relief_Pitcher,72,198.0,24.95
933,Humberto_Cota,PIT,Catcher,72,210.0,28.06
934,Ronny_Paulino,PIT,Catcher,75,215.0,25.86
935,Adam_LaRoche,PIT,First_Baseman,75,180.0,27.32
936,Ryan_Doumit,PIT,First_Baseman,72,200.0,25.91
937,Brad_Eldred,PIT,First_Baseman,77,245.0,26.63
938,Jose_Castillo,PIT,Second_Baseman,73,200.0,25.95
939,Jack_Wilson,PIT,Shortstop,72,192.0,29.17
940,Freddy_Sanchez,PIT,Third_Baseman,70,192.0,29.19
941,Jason_Bay,PIT,Outfielder,74,200.0,28.44
942,Jose_Bautista,PIT,Outfielder,72,192.0,26.36
943,Xavier_Nady,PIT,Outfielder,74,205.0,28.29
944,Jody_Gerut,PIT,Outfielder,72,190.0,29.45
945,Nate_McLouth,PIT,Outfielder,71,186.0,25.34
946,Chris_Duffy,PIT,Outfielder,70,170.0,26.86
947,Rajai_Davis,PIT,Outfielder,71,197.0,26.36
948,Shane_Youman,PIT,Starting_Pitcher,76,219.0,27.39
949,Yoslan_Herrera,PIT,Starting_Pitcher,74,200.0,25.84
950,Josh_Shortslef,PIT,Starting_Pitcher,76,220.0,25.08
951,Zach_Duke,PIT,Starting_Pitcher,74,207.0,23.87
952,Paul_Maholm,PIT,Starting_Pitcher,74,225.0,24.68
953,Tom_Gorzelanny,PIT,Starting_Pitcher,74,207.0,24.64
954,Shawn_Chacon,PIT,Starting_Pitcher,75,212.0,29.19
955,Tony_Armas_Jr.,PIT,Starting_Pitcher,75,225.0,28.84
956,Ian_Snell,PIT,Starting_Pitcher,71,170.0,25.33
957,Sean_Burnett,PIT,Starting_Pitcher,71,190.0,24.45
958,John_Grabow,PIT,Relief_Pitcher,74,210.0,28.32
959,Marty_McLeary,PIT,Relief_Pitcher,77,230.0,32.34
960,Salomon_Torres,PIT,Relief_Pitcher,71,210.0,34.97
961,Damaso_Marte,PIT,Relief_Pitcher,74,200.0,32.04
962,Matt_Capps,PIT,Relief_Pitcher,75,238.0,23.49
963,Josh_Sharpless,PIT,Relief_Pitcher,77,234.0,26.09
964,Bryan_Bullington,PIT,Relief_Pitcher,76,222.0,26.41
965,Jonah_Bayliss,PIT,Relief_Pitcher,74,200.0,26.55
966,Brian_Rogers,PIT,Relief_Pitcher,76,190.0,24.62
967,Juan_Perez,PIT,Relief_Pitcher,72,170.0,28.49
968,Bengie_Molina,SF,Catcher,71,220.0,32.61
969,Eliezer_Alfonzo,SF,Catcher,72,223.0,28.06
970,Lance_Niekro,SF,First_Baseman,75,210.0,28.08
971,Mark_Sweeney,SF,First_Baseman,73,215.0,37.34
972,Ray_Durham,SF,Second_Baseman,68,196.0,35.25
973,Kevin_Frandsen,SF,Second_Baseman,72,175.0,24.77
974,Omar_Vizquel,SF,Shortstop,69,175.0,39.85
975,Rich_Aurilia,SF,Third_Baseman,73,189.0,35.49
976,Pedro_Feliz,SF,Third_Baseman,73,205.0,31.84
977,Todd_Linden,SF,Outfielder,75,210.0,26.67
978,Dave_Roberts,SF,Outfielder,70,180.0,34.75
979,Jason_Ellison,SF,Outfielder,70,180.0,28.91
980,Randy_Winn,SF,Outfielder,74,197.0,32.73
981,Ryan_Klesko,SF,Outfielder,75,220.0,35.72
982,Barry_Bonds,SF,Outfielder,74,228.0,42.6
983,Fred_Lewis,SF,Outfielder,74,190.0,26.22
984,Kelyn_Acosta,SF,Starting_Pitcher,73,204.0,21.85
985,Jonathan_Sanchez,SF,Starting_Pitcher,74,165.0,24.28
986,Matt_Cain,SF,Starting_Pitcher,75,216.0,22.41
987,Matt_Morris,SF,Starting_Pitcher,77,220.0,32.56
988,Russ_Ortiz,SF,Starting_Pitcher,73,208.0,32.74
989,Noah_Lowry,SF,Starting_Pitcher,74,210.0,26.39
990,Barry_Zito,SF,Starting_Pitcher,76,215.0,28.8
991,Vinnie_Chulk,SF,Relief_Pitcher,74,195.0,28.2
992,Kevin_Correia,SF,Relief_Pitcher,75,200.0,26.52
993,Steve_Kline,SF,Relief_Pitcher,73,215.0,34.52
994,Armando_Benitez,SF,Relief_Pitcher,76,229.0,34.32
995,Scott_Munter,SF,Relief_Pitcher,78,240.0,26.98
996,Jack_Taschner,SF,Relief_Pitcher,75,207.0,28.86
997,Brian_Wilson,SF,Relief_Pitcher,73,205.0,24.96
998,Merkin_Valdez,SF,Relief_Pitcher,77,208.0,25.3
999,Brad_Hennessey,SF,Relief_Pitcher,74,185.0,27.06
1000,Billy_Sadler,SF,Relief_Pitcher,72,190.0,25.44
1001,Pat_Misch,SF,Relief_Pitcher,74,170.0,25.53
1002,Gary_Bennett,STL,Catcher,72,208.0,34.87
1003,Yadier_Molina,STL,Catcher,71,225.0,24.63
1004,John_Nelson,STL,First_Baseman,73,190.0,27.99
1005,Albert_Pujols,STL,First_Baseman,75,225.0,27.12
1006,Adam_Kennedy,STL,Second_Baseman,73,185.0,31.14
1007,Aaron_Miles,STL,Second_Baseman,67,180.0,30.21
1008,David_Eckstein,STL,Shortstop,67,165.0,32.11
1009,Scott_Rolen,STL,Third_Baseman,76,240.0,31.91
1010,Scott_Spiezio,STL,Third_Baseman,74,220.0,34.44
1011,Jim_Edmonds,STL,Outfielder,73,212.0,36.68
1012,So_Taguchi,STL,Outfielder,70,163.0,37.66
1013,Juan_Encarnacion,STL,Outfielder,75,215.0,30.98
1014,Skip_Schumaker,STL,Outfielder,70,175.0,27.07
1015,John_Rodriguez,STL,Outfielder,72,205.0,29.11
1016,Chris_Duncan,STL,Outfielder,77,210.0,25.82
1017,Adam_Wainwright,STL,Starting_Pitcher,79,205.0,25.5
1018,Mark_Mulder,STL,Starting_Pitcher,78,208.0,29.57
1019,Anthony_Reyes,STL,Starting_Pitcher,74,215.0,25.37
1020,Ryan_Franklin,STL,Starting_Pitcher,75,180.0,33.99
1021,Kip_Wells,STL,Starting_Pitcher,75,200.0,29.86
1022,Chris_Carpenter,STL,Starting_Pitcher,78,230.0,31.84
1023,Russ_Springer,STL,Relief_Pitcher,76,211.0,38.31
1024,Jason_Isringhausen,STL,Relief_Pitcher,75,230.0,34.48
1025,Ricardo_Rincon,STL,Relief_Pitcher,69,190.0,36.88
1026,Braden_Looper,STL,Relief_Pitcher,75,220.0,32.34
1027,Randy_Flores,STL,Relief_Pitcher,72,180.0,31.58
1028,Josh_Hancock,STL,Relief_Pitcher,75,205.0,28.89
1029,Brad_Thompson,STL,Relief_Pitcher,73,190.0,25.08
1030,Tyler_Johnson,STL,Relief_Pitcher,74,180.0,25.73
1031,Chris_Narveson,STL,Relief_Pitcher,75,205.0,25.19
1032,Randy_Keisler,STL,Relief_Pitcher,75,190.0,31.01
1033,Josh_Kinney,STL,Relief_Pitcher,73,195.0,27.92
